{
  "timestamp": "2025-03-01 09:51:32",
  "estaciones": [
    {
      "nombre": "Pluviómetro en MC en Los Patojos, Rbla Benipila",
      "municipio": "Cartagena",
      "codigo": "06A11P01",
      "mediciones": {
        "ultima_hora": 2.5,
        "ultimas_3h": 9.89999962,
        "ultimas_6h": 15.30000019,
        "ultimas_12h": 15.30000019,
        "ultimas_24h": 15.30000019
      },
      "coordenadas": {
        "x": 675339,
        "y": 4165640
      }
    },
    {
      "nombre": "Pluviómetro en MC en Cedacero, Rbla La Azohía",
      "municipio": "Cartagena",
      "codigo": "06A13P01",
      "mediciones": {
        "ultima_hora": 11.70400047,
        "ultimas_3h": 20.48200035,
        "ultimas_6h": 33.51599884,
        "ultimas_12h": 35.11199951,
        "ultimas_24h": 35.11199951
      },
      "coordenadas": {
        "x": 663554,
        "y": 4162150
      }
    }
  ]
}