{
  "timestamp": "2025-03-02 08:41:04",
  "estaciones": [
    {
      "nombre": "Pluviómetro en MC en Los Patojos, Rbla Benipila",
      "municipio": "Cartagena",
      "codigo": "06A11P01",
      "mediciones": {
        "ultima_hora": 0.40000001,
        "ultimas_3h": 0.40000001,
        "ultimas_6h": 4.69999981,
        "ultimas_12h": 22.0,
        "ultimas_24h": 93.19999695
      },
      "coordenadas": {
        "x": 675339,
        "y": 4165640
      }
    },
    {
      "nombre": "Pluviómetro en MC en Cedacero, Rbla La Azohía",
      "municipio": "Cartagena",
      "codigo": "06A13P01",
      "mediciones": {
        "ultima_hora": 6.38399982,
        "ultimas_3h": 7.71400023,
        "ultimas_6h": 13.83199978,
        "ultimas_12h": 34.84600067,
        "ultimas_24h": 100.28199768
      },
      "coordenadas": {
        "x": 663554,
        "y": 4162150
      }
    }
  ]
}