{
  "timestamp": "2025-03-01 20:37:54",
  "estaciones": [
    {
      "nombre": "Pluviómetro en MC en Los Patojos, Rbla Benipila",
      "municipio": "Cartagena",
      "codigo": "06A11P01",
      "mediciones": {
        "ultima_hora": 2.9000001,
        "ultimas_3h": 9.5,
        "ultimas_6h": 10.39999962,
        "ultimas_12h": 71.90000153,
        "ultimas_24h": 81.40000153
      },
      "coordenadas": {
        "x": 675339,
        "y": 4165640
      }
    },
    {
      "nombre": "Pluviómetro en MC en Cedacero, Rbla La Azohía",
      "municipio": "Cartagena",
      "codigo": "06A13P01",
      "mediciones": {
        "ultima_hora": 4.52199984,
        "ultimas_3h": 6.11800003,
        "ultimas_6h": 17.8220005,
        "ultimas_12h": 65.96800232,
        "ultimas_24h": 86.98200226
      },
      "coordenadas": {
        "x": 663554,
        "y": 4162150
      }
    }
  ]
}