{
  "timestamp": "2025-03-01 13:52:07",
  "estaciones": [
    {
      "nombre": "Pluviómetro en MC en Los Patojos, Rbla Benipila",
      "municipio": "Cartagena",
      "codigo": "06A11P01",
      "mediciones": {
        "ultima_hora": 4.0999999,
        "ultimas_3h": 19.10000038,
        "ultimas_6h": 31.29999924,
        "ultimas_12h": 38.09999847,
        "ultimas_24h": 38.09999847
      },
      "coordenadas": {
        "x": 675339,
        "y": 4165640
      }
    },
    {
      "nombre": "Pluviómetro en MC en Cedacero, Rbla La Azohía",
      "municipio": "Cartagena",
      "codigo": "06A13P01",
      "mediciones": {
        "ultima_hora": 0.0,
        "ultimas_3h": 15.42800045,
        "ultimas_6h": 50.54000092,
        "ultimas_12h": 67.03199768,
        "ultimas_24h": 67.03199768
      },
      "coordenadas": {
        "x": 663554,
        "y": 4162150
      }
    }
  ]
}