{
  "timestamp": "2025-03-01 23:19:12",
  "estaciones": [
    {
      "nombre": "Pluviómetro en MC en Los Patojos, Rbla Benipila",
      "municipio": "Cartagena",
      "codigo": "06A11P01",
      "mediciones": {
        "ultima_hora": 3.0,
        "ultimas_3h": 11.69999981,
        "ultimas_6h": 20.0,
        "ultimas_12h": 71.90000153,
        "ultimas_24h": 91.69999695
      },
      "coordenadas": {
        "x": 675339,
        "y": 4165640
      }
    },
    {
      "nombre": "Pluviómetro en MC en Cedacero, Rbla La Azohía",
      "municipio": "Cartagena",
      "codigo": "06A13P01",
      "mediciones": {
        "ultima_hora": 5.85200024,
        "ultimas_3h": 11.43799973,
        "ultimas_6h": 16.22599983,
        "ultimas_12h": 39.63399887,
        "ultimas_24h": 97.08999634
      },
      "coordenadas": {
        "x": 663554,
        "y": 4162150
      }
    }
  ]
}