{
  "timestamp": "2025-03-01 11:26:06",
  "estaciones": [
    {
      "nombre": "Pluviómetro en MC en Los Patojos, Rbla Benipila",
      "municipio": "Cartagena",
      "codigo": "06A11P01",
      "mediciones": {
        "ultima_hora": 2.5999999,
        "ultimas_3h": 12.19999981,
        "ultimas_6h": 16.29999924,
        "ultimas_12h": 20.29999924,
        "ultimas_24h": 20.29999924
      },
      "coordenadas": {
        "x": 675339,
        "y": 4165640
      }
    },
    {
      "nombre": "Pluviómetro en MC en Cedacero, Rbla La Azohía",
      "municipio": "Cartagena",
      "codigo": "06A13P01",
      "mediciones": {
        "ultima_hora": 12.50199986,
        "ultimas_3h": 39.10200119,
        "ultimas_6h": 49.74200058,
        "ultimas_12h": 58.7859993,
        "ultimas_24h": 58.7859993
      },
      "coordenadas": {
        "x": 663554,
        "y": 4162150
      }
    }
  ]
}