{
  "timestamp": "2025-03-01 09:18:40",
  "estaciones": [
    {
      "nombre": "Pluviómetro en MC en Los Patojos, Rbla Benipila",
      "municipio": "Cartagena",
      "codigo": "06A11P01",
      "mediciones": {
        "ultima_hora": 7.30000019,
        "ultimas_3h": 10.30000019,
        "ultimas_6h": 14.80000019,
        "ultimas_12h": 14.80000019,
        "ultimas_24h": 14.80000019
      },
      "coordenadas": {
        "x": 675339,
        "y": 4165640
      }
    },
    {
      "nombre": "Pluviómetro en MC en Cedacero, Rbla La Azohía",
      "municipio": "Cartagena",
      "codigo": "06A13P01",
      "mediciones": {
        "ultima_hora": 6.91599989,
        "ultimas_3h": 13.56599998,
        "ultimas_6h": 25.5359993,
        "ultimas_12h": 26.06800079,
        "ultimas_24h": 26.06800079
      },
      "coordenadas": {
        "x": 663554,
        "y": 4162150
      }
    }
  ]
}