{
  "timestamp": "2025-03-01 12:35:34",
  "estaciones": [
    {
      "nombre": "Pluviómetro en MC en Los Patojos, Rbla Benipila",
      "municipio": "Cartagena",
      "codigo": "06A11P01",
      "mediciones": {
        "ultima_hora": 10.39999962,
        "ultimas_3h": 18.60000038,
        "ultimas_6h": 28.89999962,
        "ultimas_12h": 33.79999924,
        "ultimas_24h": 33.79999924
      },
      "coordenadas": {
        "x": 675339,
        "y": 4165640
      }
    },
    {
      "nombre": "Pluviómetro en MC en Cedacero, Rbla La Azohía",
      "municipio": "Cartagena",
      "codigo": "06A13P01",
      "mediciones": {
        "ultima_hora": 3.45799994,
        "ultimas_3h": 34.04800034,
        "ultimas_6h": 53.4659996,
        "ultimas_12h": 67.03199768,
        "ultimas_24h": 67.03199768
      },
      "coordenadas": {
        "x": 663554,
        "y": 4162150
      }
    }
  ]
}