{
  "timestamp": "2025-03-01 11:51:31",
  "estaciones": [
    {
      "nombre": "Pluviómetro en MC en Los Patojos, Rbla Benipila",
      "municipio": "Cartagena",
      "codigo": "06A11P01",
      "mediciones": {
        "ultima_hora": 7.4000001,
        "ultimas_3h": 13.60000038,
        "ultimas_6h": 22.10000038,
        "ultimas_12h": 26.39999962,
        "ultimas_24h": 26.39999962
      },
      "coordenadas": {
        "x": 675339,
        "y": 4165640
      }
    },
    {
      "nombre": "Pluviómetro en MC en Cedacero, Rbla La Azohía",
      "municipio": "Cartagena",
      "codigo": "06A13P01",
      "mediciones": {
        "ultima_hora": 13.30000019,
        "ultimas_3h": 41.49599838,
        "ultimas_6h": 54.79600143,
        "ultimas_12h": 64.90399933,
        "ultimas_24h": 64.90399933
      },
      "coordenadas": {
        "x": 663554,
        "y": 4162150
      }
    }
  ]
}