{
  "timestamp": "2025-03-02 11:37:28",
  "estaciones": [
    {
      "nombre": "Pluviómetro en MC en Los Patojos, Rbla Benipila",
      "municipio": "Cartagena",
      "codigo": "06A11P01",
      "mediciones": {
        "ultima_hora": 6.69999981,
        "ultimas_3h": 9.30000019,
        "ultimas_6h": 9.80000019,
        "ultimas_12h": 20.89999962,
        "ultimas_24h": 89.69999695
      },
      "coordenadas": {
        "x": 675339,
        "y": 4165640
      }
    },
    {
      "nombre": "Pluviómetro en MC en Cedacero, Rbla La Azohía",
      "municipio": "Cartagena",
      "codigo": "06A13P01",
      "mediciones": {
        "ultima_hora": 5.32000017,
        "ultimas_3h": 12.23600006,
        "ultimas_6h": 20.2159996,
        "ultimas_12h": 36.70800018,
        "ultimas_24h": 70.7559967
      },
      "coordenadas": {
        "x": 663554,
        "y": 4162150
      }
    }
  ]
}