{
  "timestamp": "2025-03-05 19:16:09",
  "estaciones": [
    {
      "nombre": "Pluviómetro en MC en Los Patojos, Rbla Benipila",
      "municipio": "Cartagena",
      "codigo": "06A11P01",
      "mediciones": {
        "ultima_hora": 0.40000001,
        "ultimas_3h": 3.29999995,
        "ultimas_6h": 13.0,
        "ultimas_12h": 26.10000038,
        "ultimas_24h": 26.20000076
      },
      "coordenadas": {
        "x": 675339,
        "y": 4165640
      }
    },
    {
      "nombre": "Pluviómetro en MC en Cedacero, Rbla La Azohía",
      "municipio": "Cartagena",
      "codigo": "06A13P01",
      "mediciones": {
        "ultima_hora": 1.59599996,
        "ultimas_3h": 7.98000002,
        "ultimas_6h": 21.54599953,
        "ultimas_12h": 36.97399902,
        "ultimas_24h": 36.97399902
      },
      "coordenadas": {
        "x": 663554,
        "y": 4162150
      }
    }
  ]
}