{
  "timestamp": "2025-03-01 16:22:01",
  "estaciones": [
    {
      "nombre": "Pluviómetro en MC en Los Patojos, Rbla Benipila",
      "municipio": "Cartagena",
      "codigo": "06A11P01",
      "mediciones": {
        "ultima_hora": 0.1,
        "ultimas_3h": 37.29999924,
        "ultimas_6h": 54.20000076,
        "ultimas_12h": 70.69999695,
        "ultimas_24h": 71.40000153
      },
      "coordenadas": {
        "x": 675339,
        "y": 4165640
      }
    },
    {
      "nombre": "Pluviómetro en MC en Cedacero, Rbla La Azohía",
      "municipio": "Cartagena",
      "codigo": "06A13P01",
      "mediciones": {
        "ultima_hora": 4.25600004,
        "ultimas_3h": 13.83199978,
        "ultimas_6h": 35.90999985,
        "ultimas_12h": 77.67199707,
        "ultimas_24h": 80.86399841
      },
      "coordenadas": {
        "x": 663554,
        "y": 4162150
      }
    }
  ]
}