{
  "timestamp": "2025-03-06 22:51:53",
  "estaciones": [
    {
      "nombre": "Pluviómetro en MC en Los Patojos, Rbla Benipila",
      "municipio": "Cartagena",
      "codigo": "06A11P01",
      "mediciones": {
        "ultima_hora": 0.30000001,
        "ultimas_3h": 4.5999999,
        "ultimas_6h": 6.5999999,
        "ultimas_12h": 6.5999999,
        "ultimas_24h": 20.29999924
      },
      "coordenadas": {
        "x": 675339,
        "y": 4165640
      }
    },
    {
      "nombre": "Pluviómetro en MC en Cedacero, Rbla La Azohía",
      "municipio": "Cartagena",
      "codigo": "06A13P01",
      "mediciones": {
        "ultima_hora": 1.59599996,
        "ultimas_3h": 1.59599996,
        "ultimas_6h": 1.59599996,
        "ultimas_12h": 2.12800002,
        "ultimas_24h": 13.82800007
      },
      "coordenadas": {
        "x": 663554,
        "y": 4162150
      }
    }
  ]
}