{
  "timestamp": "2024-11-12 20:52:31",
  "estaciones": [
    {
      "nombre": "Pluviómetro en MC en Los Patojos, Rbla Benipila",
      "municipio": "Cartagena",
      "codigo": "06A11P01",
      "mediciones": {
        "ultima_hora": 1.29999995,
        "ultimas_3h": 1.29999995,
        "ultimas_6h": 1.29999995,
        "ultimas_12h": 1.29999995,
        "ultimas_24h": 1.39999998
      },
      "coordenadas": {
        "x": 675339,
        "y": 4165640
      }
    },
    {
      "nombre": "Pluviómetro en MC en Cedacero, Rbla La Azohía",
      "municipio": "Cartagena",
      "codigo": "06A13P01",
      "mediciones": {
        "ultima_hora": 9.04399967,
        "ultimas_3h": 9.04399967,
        "ultimas_6h": 9.04399967,
        "ultimas_12h": 9.04399967,
        "ultimas_24h": 9.04399967
      },
      "coordenadas": {
        "x": 663554,
        "y": 4162150
      }
    }
  ]
}