{
  "timestamp": "2025-03-05 15:40:51",
  "estaciones": [
    {
      "nombre": "Pluviómetro en MC en Los Patojos, Rbla Benipila",
      "municipio": "Cartagena",
      "codigo": "06A11P01",
      "mediciones": {
        "ultima_hora": 0.60000002,
        "ultimas_3h": 14.10000038,
        "ultimas_6h": 19.0,
        "ultimas_12h": 21.89999962,
        "ultimas_24h": 21.89999962
      },
      "coordenadas": {
        "x": 675339,
        "y": 4165640
      }
    },
    {
      "nombre": "Pluviómetro en MC en Cedacero, Rbla La Azohía",
      "municipio": "Cartagena",
      "codigo": "06A13P01",
      "mediciones": {
        "ultima_hora": 3.19199991,
        "ultimas_3h": 14.09799957,
        "ultimas_6h": 25.80200005,
        "ultimas_12h": 27.93000031,
        "ultimas_24h": 27.93000031
      },
      "coordenadas": {
        "x": 663554,
        "y": 4162150
      }
    }
  ]
}