{
  "timestamp": "2025-03-01 20:51:36",
  "estaciones": [
    {
      "nombre": "Pluviómetro en MC en Los Patojos, Rbla Benipila",
      "municipio": "Cartagena",
      "codigo": "06A11P01",
      "mediciones": {
        "ultima_hora": 3.20000005,
        "ultimas_3h": 9.80000019,
        "ultimas_6h": 10.80000019,
        "ultimas_12h": 69.19999695,
        "ultimas_24h": 82.0
      },
      "coordenadas": {
        "x": 675339,
        "y": 4165640
      }
    },
    {
      "nombre": "Pluviómetro en MC en Cedacero, Rbla La Azohía",
      "municipio": "Cartagena",
      "codigo": "06A13P01",
      "mediciones": {
        "ultima_hora": 4.25600004,
        "ultimas_3h": 6.6500001,
        "ultimas_6h": 17.29000092,
        "ultimas_12h": 64.10600281,
        "ultimas_24h": 87.51399994
      },
      "coordenadas": {
        "x": 663554,
        "y": 4162150
      }
    }
  ]
}