{
  "timestamp": "2024-12-30 23:37:31",
  "estaciones": [
    {
      "nombre": "Pluviómetro en MC en Los Patojos, Rbla Benipila",
      "municipio": "Cartagena",
      "codigo": "06A11P01",
      "mediciones": {
        "ultima_hora": 13.69999981,
        "ultimas_3h": 17.0,
        "ultimas_6h": 17.79999924,
        "ultimas_12h": 17.89999962,
        "ultimas_24h": 17.89999962
      },
      "coordenadas": {
        "x": 675339,
        "y": 4165640
      }
    },
    {
      "nombre": "Pluviómetro en MC en Cedacero, Rbla La Azohía",
      "municipio": "Cartagena",
      "codigo": "06A13P01",
      "mediciones": {
        "ultima_hora": 3.72399998,
        "ultimas_3h": 3.72399998,
        "ultimas_6h": 4.78800011,
        "ultimas_12h": 4.78800011,
        "ultimas_24h": 4.78800011
      },
      "coordenadas": {
        "x": 663554,
        "y": 4162150
      }
    }
  ]
}