{
  "timestamp": "2025-03-02 11:15:31",
  "estaciones": [
    {
      "nombre": "Pluviómetro en MC en Los Patojos, Rbla Benipila",
      "municipio": "Cartagena",
      "codigo": "06A11P01",
      "mediciones": {
        "ultima_hora": 5.19999981,
        "ultimas_3h": 7.30000019,
        "ultimas_6h": 8.69999981,
        "ultimas_12h": 19.39999962,
        "ultimas_24h": 91.30000305
      },
      "coordenadas": {
        "x": 675339,
        "y": 4165640
      }
    },
    {
      "nombre": "Pluviómetro en MC en Cedacero, Rbla La Azohía",
      "municipio": "Cartagena",
      "codigo": "06A13P01",
      "mediciones": {
        "ultima_hora": 2.12800002,
        "ultimas_3h": 11.43799973,
        "ultimas_6h": 16.75799942,
        "ultimas_12h": 33.51599884,
        "ultimas_24h": 73.15000153
      },
      "coordenadas": {
        "x": 663554,
        "y": 4162150
      }
    }
  ]
}