{
  "timestamp": "2025-03-02 03:45:44",
  "estaciones": [
    {
      "nombre": "Pluviómetro en MC en Los Patojos, Rbla Benipila",
      "municipio": "Cartagena",
      "codigo": "06A11P01",
      "mediciones": {
        "ultima_hora": 1.79999995,
        "ultimas_3h": 5.0999999,
        "ultimas_6h": 14.89999962,
        "ultimas_12h": 29.70000076,
        "ultimas_24h": 101.0
      },
      "coordenadas": {
        "x": 675339,
        "y": 4165640
      }
    },
    {
      "nombre": "Pluviómetro en MC en Cedacero, Rbla La Azohía",
      "municipio": "Cartagena",
      "codigo": "06A13P01",
      "mediciones": {
        "ultima_hora": 3.72399998,
        "ultimas_3h": 9.84200001,
        "ultimas_6h": 23.1420002,
        "ultimas_12h": 31.92000008,
        "ultimas_24h": 111.18800354
      },
      "coordenadas": {
        "x": 663554,
        "y": 4162150
      }
    }
  ]
}