{
  "timestamp": "2025-03-02 01:41:10",
  "estaciones": [
    {
      "nombre": "Pluviómetro en MC en Los Patojos, Rbla Benipila",
      "municipio": "Cartagena",
      "codigo": "06A11P01",
      "mediciones": {
        "ultima_hora": 1.10000002,
        "ultimas_3h": 7.30000019,
        "ultimas_6h": 18.20000076,
        "ultimas_12h": 59.20000076,
        "ultimas_24h": 96.80000305
      },
      "coordenadas": {
        "x": 675339,
        "y": 4165640
      }
    },
    {
      "nombre": "Pluviómetro en MC en Cedacero, Rbla La Azohía",
      "municipio": "Cartagena",
      "codigo": "06A13P01",
      "mediciones": {
        "ultima_hora": 1.86199999,
        "ultimas_3h": 10.3739996,
        "ultimas_6h": 21.28000069,
        "ultimas_12h": 36.97399902,
        "ultimas_24h": 104.0059967
      },
      "coordenadas": {
        "x": 663554,
        "y": 4162150
      }
    }
  ]
}