{
  "timestamp": "2025-03-02 04:41:02",
  "estaciones": [
    {
      "nombre": "Pluviómetro en MC en Los Patojos, Rbla Benipila",
      "municipio": "Cartagena",
      "codigo": "06A11P01",
      "mediciones": {
        "ultima_hora": 0.40000001,
        "ultimas_3h": 4.4000001,
        "ultimas_6h": 11.89999962,
        "ultimas_12h": 29.79999924,
        "ultimas_24h": 99.90000153
      },
      "coordenadas": {
        "x": 675339,
        "y": 4165640
      }
    },
    {
      "nombre": "Pluviómetro en MC en Cedacero, Rbla La Azohía",
      "municipio": "Cartagena",
      "codigo": "06A13P01",
      "mediciones": {
        "ultima_hora": 1.06400001,
        "ultimas_3h": 9.04399967,
        "ultimas_6h": 19.95000076,
        "ultimas_12h": 32.7179985,
        "ultimas_24h": 107.46399689
      },
      "coordenadas": {
        "x": 663554,
        "y": 4162150
      }
    }
  ]
}