{
  "timestamp": "2025-03-02 02:46:55",
  "estaciones": [
    {
      "nombre": "Pluviómetro en MC en Los Patojos, Rbla Benipila",
      "municipio": "Cartagena",
      "codigo": "06A11P01",
      "mediciones": {
        "ultima_hora": 1.89999998,
        "ultimas_3h": 6.4000001,
        "ultimas_6h": 17.10000038,
        "ultimas_12h": 27.89999962,
        "ultimas_24h": 99.09999847
      },
      "coordenadas": {
        "x": 675339,
        "y": 4165640
      }
    },
    {
      "nombre": "Pluviómetro en MC en Cedacero, Rbla La Azohía",
      "municipio": "Cartagena",
      "codigo": "06A13P01",
      "mediciones": {
        "ultima_hora": 3.45799994,
        "ultimas_3h": 10.64000034,
        "ultimas_6h": 20.74799919,
        "ultimas_12h": 38.30400085,
        "ultimas_24h": 108.26200104
      },
      "coordenadas": {
        "x": 663554,
        "y": 4162150
      }
    }
  ]
}