{
  "timestamp": "2024-11-13 03:51:27",
  "estaciones": [
    {
      "nombre": "Pluviómetro en MC en Los Patojos, Rbla Benipila",
      "municipio": "Cartagena",
      "codigo": "06A11P01",
      "mediciones": {
        "ultima_hora": 2.9000001,
        "ultimas_3h": 6.0999999,
        "ultimas_6h": 8.19999981,
        "ultimas_12h": 17.60000038,
        "ultimas_24h": 17.70000076
      },
      "coordenadas": {
        "x": 675339,
        "y": 4165640
      }
    },
    {
      "nombre": "Pluviómetro en MC en Cedacero, Rbla La Azohía",
      "municipio": "Cartagena",
      "codigo": "06A13P01",
      "mediciones": {
        "ultima_hora": 1.06400001,
        "ultimas_3h": 1.59599996,
        "ultimas_6h": 1.59599996,
        "ultimas_12h": 10.64000034,
        "ultimas_24h": 10.64000034
      },
      "coordenadas": {
        "x": 663554,
        "y": 4162150
      }
    }
  ]
}