{
  "timestamp": "2025-03-01 04:41:04",
  "estaciones": [
    {
      "nombre": "Pluviómetro en MC en Los Patojos, Rbla Benipila",
      "municipio": "Cartagena",
      "codigo": "06A11P01",
      "mediciones": {
        "ultima_hora": 1.20000005,
        "ultimas_3h": 1.20000005,
        "ultimas_6h": 1.20000005,
        "ultimas_12h": 1.20000005,
        "ultimas_24h": 1.20000005
      },
      "coordenadas": {
        "x": 675339,
        "y": 4165640
      }
    },
    {
      "nombre": "Pluviómetro en MC en Cedacero, Rbla La Azohía",
      "municipio": "Cartagena",
      "codigo": "06A13P01",
      "mediciones": {
        "ultima_hora": 3.99000001,
        "ultimas_3h": 5.32000017,
        "ultimas_6h": 5.32000017,
        "ultimas_12h": 5.32000017,
        "ultimas_24h": 5.32000017
      },
      "coordenadas": {
        "x": 663554,
        "y": 4162150
      }
    }
  ]
}