{
  "timestamp": "2024-12-31 13:03:08",
  "estaciones": [
    {
      "nombre": "Pluviómetro en MC en Los Patojos, Rbla Benipila",
      "municipio": "Cartagena",
      "codigo": "06A11P01",
      "mediciones": {
        "ultima_hora": 2.5,
        "ultimas_3h": 5.9000001,
        "ultimas_6h": 5.9000001,
        "ultimas_12h": 13.30000019,
        "ultimas_24h": 62.40000153
      },
      "coordenadas": {
        "x": 675339,
        "y": 4165640
      }
    },
    {
      "nombre": "Pluviómetro en MC en Cedacero, Rbla La Azohía",
      "municipio": "Cartagena",
      "codigo": "06A13P01",
      "mediciones": {
        "ultima_hora": 5.32000017,
        "ultimas_3h": 5.32000017,
        "ultimas_6h": 5.32000017,
        "ultimas_12h": 7.98000002,
        "ultimas_24h": 16.49200058
      },
      "coordenadas": {
        "x": 663554,
        "y": 4162150
      }
    }
  ]
}