{
  "timestamp": "2025-03-01 19:51:39",
  "estaciones": [
    {
      "nombre": "Pluviómetro en MC en Los Patojos, Rbla Benipila",
      "municipio": "Cartagena",
      "codigo": "06A11P01",
      "mediciones": {
        "ultima_hora": 2.70000005,
        "ultimas_3h": 7.0999999,
        "ultimas_6h": 37.70000076,
        "ultimas_12h": 71.90000153,
        "ultimas_24h": 78.69999695
      },
      "coordenadas": {
        "x": 675339,
        "y": 4165640
      }
    },
    {
      "nombre": "Pluviómetro en MC en Cedacero, Rbla La Azohía",
      "municipio": "Cartagena",
      "codigo": "06A13P01",
      "mediciones": {
        "ultima_hora": 1.86199999,
        "ultimas_3h": 2.12800002,
        "ultimas_6h": 15.96000004,
        "ultimas_12h": 66.5,
        "ultimas_24h": 82.99199677
      },
      "coordenadas": {
        "x": 663554,
        "y": 4162150
      }
    }
  ]
}