{
  "timestamp": "2025-03-01 04:22:50",
  "estaciones": [
    {
      "nombre": "Pluviómetro en MC en Los Patojos, Rbla Benipila",
      "municipio": "Cartagena",
      "codigo": "06A11P01",
      "mediciones": {
        "ultima_hora": 0.60000002,
        "ultimas_3h": 0.60000002,
        "ultimas_6h": 0.60000002,
        "ultimas_12h": 0.60000002,
        "ultimas_24h": 0.60000002
      },
      "coordenadas": {
        "x": 675339,
        "y": 4165640
      }
    },
    {
      "nombre": "Pluviómetro en MC en Cedacero, Rbla La Azohía",
      "municipio": "Cartagena",
      "codigo": "06A13P01",
      "mediciones": {
        "ultima_hora": 1.86199999,
        "ultimas_3h": 2.66000009,
        "ultimas_6h": 2.66000009,
        "ultimas_12h": 2.66000009,
        "ultimas_24h": 2.66000009
      },
      "coordenadas": {
        "x": 663554,
        "y": 4162150
      }
    }
  ]
}