{
  "timestamp": "2025-03-02 09:51:38",
  "estaciones": [
    {
      "nombre": "Pluviómetro en MC en Los Patojos, Rbla Benipila",
      "municipio": "Cartagena",
      "codigo": "06A11P01",
      "mediciones": {
        "ultima_hora": 1.79999995,
        "ultimas_3h": 2.20000005,
        "ultimas_6h": 4.5999999,
        "ultimas_12h": 18.20000076,
        "ultimas_24h": 90.09999847
      },
      "coordenadas": {
        "x": 675339,
        "y": 4165640
      }
    },
    {
      "nombre": "Pluviómetro en MC en Cedacero, Rbla La Azohía",
      "municipio": "Cartagena",
      "codigo": "06A13P01",
      "mediciones": {
        "ultima_hora": 2.92600012,
        "ultimas_3h": 10.90600014,
        "ultimas_6h": 13.83199978,
        "ultimas_12h": 36.97399902,
        "ultimas_24h": 90.44000244
      },
      "coordenadas": {
        "x": 663554,
        "y": 4162150
      }
    }
  ]
}