{
  "timestamp": "2025-03-01 23:37:35",
  "estaciones": [
    {
      "nombre": "Pluviómetro en MC en Los Patojos, Rbla Benipila",
      "municipio": "Cartagena",
      "codigo": "06A11P01",
      "mediciones": {
        "ultima_hora": 3.0999999,
        "ultimas_3h": 10.60000038,
        "ultimas_6h": 20.29999924,
        "ultimas_12h": 68.80000305,
        "ultimas_24h": 92.19999695
      },
      "coordenadas": {
        "x": 675339,
        "y": 4165640
      }
    },
    {
      "nombre": "Pluviómetro en MC en Cedacero, Rbla La Azohía",
      "municipio": "Cartagena",
      "codigo": "06A13P01",
      "mediciones": {
        "ultima_hora": 4.52199984,
        "ultimas_3h": 10.3739996,
        "ultimas_6h": 16.75799942,
        "ultimas_12h": 34.04800034,
        "ultimas_24h": 97.62200165
      },
      "coordenadas": {
        "x": 663554,
        "y": 4162150
      }
    }
  ]
}