{
  "timestamp": "2025-03-01 10:51:44",
  "estaciones": [
    {
      "nombre": "Pluviómetro en MC en Los Patojos, Rbla Benipila",
      "municipio": "Cartagena",
      "codigo": "06A11P01",
      "mediciones": {
        "ultima_hora": 3.4000001,
        "ultimas_3h": 12.10000038,
        "ultimas_6h": 16.39999962,
        "ultimas_12h": 18.89999962,
        "ultimas_24h": 18.89999962
      },
      "coordenadas": {
        "x": 675339,
        "y": 4165640
      }
    },
    {
      "nombre": "Pluviómetro en MC en Cedacero, Rbla La Azohía",
      "municipio": "Cartagena",
      "codigo": "06A13P01",
      "mediciones": {
        "ultima_hora": 13.56599998,
        "ultimas_3h": 33.25,
        "ultimas_6h": 42.29399872,
        "ultimas_12h": 49.74200058,
        "ultimas_24h": 49.74200058
      },
      "coordenadas": {
        "x": 663554,
        "y": 4162150
      }
    }
  ]
}