{
  "timestamp": "2025-03-02 14:51:49",
  "estaciones": [
    {
      "nombre": "Pluviómetro en MC en Los Patojos, Rbla Benipila",
      "municipio": "Cartagena",
      "codigo": "06A11P01",
      "mediciones": {
        "ultima_hora": 1.39999998,
        "ultimas_3h": 2.0,
        "ultimas_6h": 13.60000038,
        "ultimas_12h": 18.10000038,
        "ultimas_24h": 46.20000076
      },
      "coordenadas": {
        "x": 675339,
        "y": 4165640
      }
    },
    {
      "nombre": "Pluviómetro en MC en Cedacero, Rbla La Azohía",
      "municipio": "Cartagena",
      "codigo": "06A13P01",
      "mediciones": {
        "ultima_hora": 0.53200001,
        "ultimas_3h": 7.98000002,
        "ultimas_6h": 22.07799911,
        "ultimas_12h": 36.44200134,
        "ultimas_24h": 75.54399872
      },
      "coordenadas": {
        "x": 663554,
        "y": 4162150
      }
    }
  ]
}