{
  "timestamp": "2025-03-01 14:51:52",
  "estaciones": [
    {
      "nombre": "Pluviómetro en MC en Los Patojos, Rbla Benipila",
      "municipio": "Cartagena",
      "codigo": "06A11P01",
      "mediciones": {
        "ultima_hora": 30.20000076,
        "ultimas_3h": 43.70000076,
        "ultimas_6h": 58.40000153,
        "ultimas_12h": 71.19999695,
        "ultimas_24h": 71.19999695
      },
      "coordenadas": {
        "x": 675339,
        "y": 4165640
      }
    },
    {
      "nombre": "Pluviómetro en MC en Cedacero, Rbla La Azohía",
      "municipio": "Cartagena",
      "codigo": "06A13P01",
      "mediciones": {
        "ultima_hora": 2.92600012,
        "ultimas_3h": 4.78800011,
        "ultimas_6h": 46.54999924,
        "ultimas_12h": 69.95800018,
        "ultimas_24h": 69.95800018
      },
      "coordenadas": {
        "x": 663554,
        "y": 4162150
      }
    }
  ]
}