{
  "timestamp": "2025-03-01 15:38:47",
  "estaciones": [
    {
      "nombre": "Pluviómetro en MC en Los Patojos, Rbla Benipila",
      "municipio": "Cartagena",
      "codigo": "06A11P01",
      "mediciones": {
        "ultima_hora": 0.30000001,
        "ultimas_3h": 37.40000153,
        "ultimas_6h": 56.09999847,
        "ultimas_12h": 71.30000305,
        "ultimas_24h": 71.30000305
      },
      "coordenadas": {
        "x": 675339,
        "y": 4165640
      }
    },
    {
      "nombre": "Pluviómetro en MC en Cedacero, Rbla La Azohía",
      "municipio": "Cartagena",
      "codigo": "06A13P01",
      "mediciones": {
        "ultima_hora": 10.90600014,
        "ultimas_3h": 13.0340004,
        "ultimas_6h": 47.08200073,
        "ultimas_12h": 79.0019989,
        "ultimas_24h": 80.06600189
      },
      "coordenadas": {
        "x": 663554,
        "y": 4162150
      }
    }
  ]
}