{
  "timestamp": "2025-03-01 21:37:03",
  "estaciones": [
    {
      "nombre": "Pluviómetro en MC en Los Patojos, Rbla Benipila",
      "municipio": "Cartagena",
      "codigo": "06A11P01",
      "mediciones": {
        "ultima_hora": 2.20000005,
        "ultimas_3h": 8.69999981,
        "ultimas_6h": 12.5,
        "ultimas_12h": 68.59999847,
        "ultimas_24h": 83.80000305
      },
      "coordenadas": {
        "x": 675339,
        "y": 4165640
      }
    },
    {
      "nombre": "Pluviómetro en MC en Cedacero, Rbla La Azohía",
      "municipio": "Cartagena",
      "codigo": "06A13P01",
      "mediciones": {
        "ultima_hora": 1.33000004,
        "ultimas_3h": 7.71400023,
        "ultimas_6h": 8.51200008,
        "ultimas_12h": 55.59400177,
        "ultimas_24h": 88.57800293
      },
      "coordenadas": {
        "x": 663554,
        "y": 4162150
      }
    }
  ]
}