{
  "timestamp": "2025-03-01 22:38:56",
  "estaciones": [
    {
      "nombre": "Pluviómetro en MC en Los Patojos, Rbla Benipila",
      "municipio": "Cartagena",
      "codigo": "06A11P01",
      "mediciones": {
        "ultima_hora": 5.0,
        "ultimas_3h": 10.60000038,
        "ultimas_6h": 17.60000038,
        "ultimas_12h": 70.40000153,
        "ultimas_24h": 89.09999847
      },
      "coordenadas": {
        "x": 675339,
        "y": 4165640
      }
    },
    {
      "nombre": "Pluviómetro en MC en Cedacero, Rbla La Azohía",
      "municipio": "Cartagena",
      "codigo": "06A13P01",
      "mediciones": {
        "ultima_hora": 4.25600004,
        "ultimas_3h": 10.64000034,
        "ultimas_6h": 12.23600006,
        "ultimas_12h": 44.42200089,
        "ultimas_24h": 93.09999847
      },
      "coordenadas": {
        "x": 663554,
        "y": 4162150
      }
    }
  ]
}