{
  "timestamp": "2025-03-01 06:26:51",
  "estaciones": [
    {
      "nombre": "Pluviómetro en MC en Los Patojos, Rbla Benipila",
      "municipio": "Cartagena",
      "codigo": "06A11P01",
      "mediciones": {
        "ultima_hora": 0.60000002,
        "ultimas_3h": 4.5999999,
        "ultimas_6h": 4.5999999,
        "ultimas_12h": 4.5999999,
        "ultimas_24h": 4.5999999
      },
      "coordenadas": {
        "x": 675339,
        "y": 4165640
      }
    },
    {
      "nombre": "Pluviómetro en MC en Cedacero, Rbla La Azohía",
      "municipio": "Cartagena",
      "codigo": "06A13P01",
      "mediciones": {
        "ultima_hora": 3.72399998,
        "ultimas_3h": 11.70400047,
        "ultimas_6h": 12.76799965,
        "ultimas_12h": 12.76799965,
        "ultimas_24h": 12.76799965
      },
      "coordenadas": {
        "x": 663554,
        "y": 4162150
      }
    }
  ]
}