{
  "timestamp": "2025-03-01 05:17:58",
  "estaciones": [
    {
      "nombre": "Pluviómetro en MC en Los Patojos, Rbla Benipila",
      "municipio": "Cartagena",
      "codigo": "06A11P01",
      "mediciones": {
        "ultima_hora": 3.20000005,
        "ultimas_3h": 3.79999995,
        "ultimas_6h": 3.79999995,
        "ultimas_12h": 3.79999995,
        "ultimas_24h": 3.79999995
      },
      "coordenadas": {
        "x": 675339,
        "y": 4165640
      }
    },
    {
      "nombre": "Pluviómetro en MC en Cedacero, Rbla La Azohía",
      "municipio": "Cartagena",
      "codigo": "06A13P01",
      "mediciones": {
        "ultima_hora": 6.11800003,
        "ultimas_3h": 8.77799988,
        "ultimas_6h": 8.77799988,
        "ultimas_12h": 8.77799988,
        "ultimas_24h": 8.77799988
      },
      "coordenadas": {
        "x": 663554,
        "y": 4162150
      }
    }
  ]
}