{
  "timestamp": "2025-03-05 14:53:15",
  "estaciones": [
    {
      "nombre": "Pluviómetro en MC en Los Patojos, Rbla Benipila",
      "municipio": "Cartagena",
      "codigo": "06A11P01",
      "mediciones": {
        "ultima_hora": 1.0,
        "ultimas_3h": 16.70000076,
        "ultimas_6h": 19.70000076,
        "ultimas_12h": 21.29999924,
        "ultimas_24h": 21.29999924
      },
      "coordenadas": {
        "x": 675339,
        "y": 4165640
      }
    },
    {
      "nombre": "Pluviómetro en MC en Cedacero, Rbla La Azohía",
      "municipio": "Cartagena",
      "codigo": "06A13P01",
      "mediciones": {
        "ultima_hora": 7.44799995,
        "ultimas_3h": 13.83199978,
        "ultimas_6h": 25.80200005,
        "ultimas_12h": 25.80200005,
        "ultimas_24h": 25.80200005
      },
      "coordenadas": {
        "x": 663554,
        "y": 4162150
      }
    }
  ]
}