{
  "timestamp": "2025-03-01 23:51:39",
  "estaciones": [
    {
      "nombre": "Pluviómetro en MC en Los Patojos, Rbla Benipila",
      "municipio": "Cartagena",
      "codigo": "06A11P01",
      "mediciones": {
        "ultima_hora": 2.20000005,
        "ultimas_3h": 10.60000038,
        "ultimas_6h": 20.5,
        "ultimas_12h": 65.19999695,
        "ultimas_24h": 92.69999695
      },
      "coordenadas": {
        "x": 675339,
        "y": 4165640
      }
    },
    {
      "nombre": "Pluviómetro en MC en Cedacero, Rbla La Azohía",
      "municipio": "Cartagena",
      "codigo": "06A13P01",
      "mediciones": {
        "ultima_hora": 3.19199991,
        "ultimas_3h": 9.57600021,
        "ultimas_6h": 16.75799942,
        "ultimas_12h": 32.45199966,
        "ultimas_24h": 97.62200165
      },
      "coordenadas": {
        "x": 663554,
        "y": 4162150
      }
    }
  ]
}