{
  "timestamp": "2025-02-22 17:16:07",
  "estaciones": [
    {
      "nombre": "Pluviómetro en MC en Los Patojos, Rbla Benipila",
      "municipio": "Cartagena",
      "codigo": "06A11P01",
      "mediciones": {
        "ultima_hora": 0.40000001,
        "ultimas_3h": 1.60000002,
        "ultimas_6h": 2.29999995,
        "ultimas_12h": 2.29999995,
        "ultimas_24h": 2.29999995
      },
      "coordenadas": {
        "x": 675339,
        "y": 4165640
      }
    },
    {
      "nombre": "Pluviómetro en MC en Cedacero, Rbla La Azohía",
      "municipio": "Cartagena",
      "codigo": "06A13P01",
      "mediciones": {
        "ultima_hora": 0.79799998,
        "ultimas_3h": 1.06400001,
        "ultimas_6h": 2.92600012,
        "ultimas_12h": 2.92600012,
        "ultimas_24h": 2.92600012
      },
      "coordenadas": {
        "x": 663554,
        "y": 4162150
      }
    }
  ]
}