{
  "timestamp": "2025-03-02 05:51:44",
  "estaciones": [
    {
      "nombre": "Pluviómetro en MC en Los Patojos, Rbla Benipila",
      "municipio": "Cartagena",
      "codigo": "06A11P01",
      "mediciones": {
        "ultima_hora": 1.89999998,
        "ultimas_3h": 4.0999999,
        "ultimas_6h": 10.39999962,
        "ultimas_12h": 31.20000076,
        "ultimas_24h": 99.09999847
      },
      "coordenadas": {
        "x": 675339,
        "y": 4165640
      }
    },
    {
      "nombre": "Pluviómetro en MC en Cedacero, Rbla La Azohía",
      "municipio": "Cartagena",
      "codigo": "06A13P01",
      "mediciones": {
        "ultima_hora": 1.33000004,
        "ultimas_3h": 5.58599997,
        "ultimas_6h": 17.02400017,
        "ultimas_12h": 34.04800034,
        "ultimas_24h": 104.80400085
      },
      "coordenadas": {
        "x": 663554,
        "y": 4162150
      }
    }
  ]
}