{
  "timestamp": "2024-11-12 21:38:04",
  "estaciones": [
    {
      "nombre": "Pluviómetro en MC en Los Patojos, Rbla Benipila",
      "municipio": "Cartagena",
      "codigo": "06A11P01",
      "mediciones": {
        "ultima_hora": 6.9000001,
        "ultimas_3h": 7.0999999,
        "ultimas_6h": 7.0999999,
        "ultimas_12h": 7.0999999,
        "ultimas_24h": 7.19999981
      },
      "coordenadas": {
        "x": 675339,
        "y": 4165640
      }
    },
    {
      "nombre": "Pluviómetro en MC en Cedacero, Rbla La Azohía",
      "municipio": "Cartagena",
      "codigo": "06A13P01",
      "mediciones": {
        "ultima_hora": 0.53200001,
        "ultimas_3h": 9.04399967,
        "ultimas_6h": 9.04399967,
        "ultimas_12h": 9.04399967,
        "ultimas_24h": 9.04399967
      },
      "coordenadas": {
        "x": 663554,
        "y": 4162150
      }
    }
  ]
}