{
  "timestamp": "2025-03-01 18:42:08",
  "estaciones": [
    {
      "nombre": "Pluviómetro en MC en Los Patojos, Rbla Benipila",
      "municipio": "Cartagena",
      "codigo": "06A11P01",
      "mediciones": {
        "ultima_hora": 3.0999999,
        "ultimas_3h": 3.79999995,
        "ultimas_6h": 41.20000076,
        "ultimas_12h": 70.09999847,
        "ultimas_24h": 75.09999847
      },
      "coordenadas": {
        "x": 675339,
        "y": 4165640
      }
    },
    {
      "nombre": "Pluviómetro en MC en Cedacero, Rbla La Azohía",
      "municipio": "Cartagena",
      "codigo": "06A13P01",
      "mediciones": {
        "ultima_hora": 0.0,
        "ultimas_3h": 0.53200001,
        "ultimas_6h": 13.83199978,
        "ultimas_12h": 67.03199768,
        "ultimas_24h": 80.86399841
      },
      "coordenadas": {
        "x": 663554,
        "y": 4162150
      }
    }
  ]
}