{
  "timestamp": "2025-03-01 09:37:37",
  "estaciones": [
    {
      "nombre": "Pluviómetro en MC en Los Patojos, Rbla Benipila",
      "municipio": "Cartagena",
      "codigo": "06A11P01",
      "mediciones": {
        "ultima_hora": 5.69999981,
        "ultimas_3h": 10.30000019,
        "ultimas_6h": 15.19999981,
        "ultimas_12h": 15.19999981,
        "ultimas_24h": 15.19999981
      },
      "coordenadas": {
        "x": 675339,
        "y": 4165640
      }
    },
    {
      "nombre": "Pluviómetro en MC en Cedacero, Rbla La Azohía",
      "municipio": "Cartagena",
      "codigo": "06A13P01",
      "mediciones": {
        "ultima_hora": 10.64000034,
        "ultimas_3h": 18.08799934,
        "ultimas_6h": 30.59000015,
        "ultimas_12h": 31.65399933,
        "ultimas_24h": 31.65399933
      },
      "coordenadas": {
        "x": 663554,
        "y": 4162150
      }
    }
  ]
}