{
  "timestamp": "2025-03-02 15:52:03",
  "estaciones": [
    {
      "nombre": "Pluviómetro en MC en Los Patojos, Rbla Benipila",
      "municipio": "Cartagena",
      "codigo": "06A11P01",
      "mediciones": {
        "ultima_hora": 0.0,
        "ultimas_3h": 1.39999998,
        "ultimas_6h": 11.69999981,
        "ultimas_12h": 16.39999962,
        "ultimas_24h": 46.09999847
      },
      "coordenadas": {
        "x": 675339,
        "y": 4165640
      }
    },
    {
      "nombre": "Pluviómetro en MC en Cedacero, Rbla La Azohía",
      "municipio": "Cartagena",
      "codigo": "06A13P01",
      "mediciones": {
        "ultima_hora": 0.79799998,
        "ultimas_3h": 2.39400005,
        "ultimas_6h": 19.68400002,
        "ultimas_12h": 33.7820015,
        "ultimas_24h": 65.70200348
      },
      "coordenadas": {
        "x": 663554,
        "y": 4162150
      }
    }
  ]
}