{
  "timestamp": "2025-03-02 12:34:46",
  "estaciones": [
    {
      "nombre": "Pluviómetro en MC en Los Patojos, Rbla Benipila",
      "municipio": "Cartagena",
      "codigo": "06A11P01",
      "mediciones": {
        "ultima_hora": 2.9000001,
        "ultimas_3h": 10.5,
        "ultimas_6h": 12.60000038,
        "ultimas_12h": 20.79999924,
        "ultimas_24h": 82.19999695
      },
      "coordenadas": {
        "x": 675339,
        "y": 4165640
      }
    },
    {
      "nombre": "Pluviómetro en MC en Cedacero, Rbla La Azohía",
      "municipio": "Cartagena",
      "codigo": "06A13P01",
      "mediciones": {
        "ultima_hora": 8.77799988,
        "ultimas_3h": 18.35400009,
        "ultimas_6h": 27.39800072,
        "ultimas_12h": 41.76200104,
        "ultimas_24h": 76.0759964
      },
      "coordenadas": {
        "x": 663554,
        "y": 4162150
      }
    }
  ]
}