{
  "timestamp": "2025-03-05 17:39:28",
  "estaciones": [
    {
      "nombre": "Pluviómetro en MC en Los Patojos, Rbla Benipila",
      "municipio": "Cartagena",
      "codigo": "06A11P01",
      "mediciones": {
        "ultima_hora": 1.39999998,
        "ultimas_3h": 4.0,
        "ultimas_6h": 20.70000076,
        "ultimas_12h": 25.20000076,
        "ultimas_24h": 25.29999924
      },
      "coordenadas": {
        "x": 675339,
        "y": 4165640
      }
    },
    {
      "nombre": "Pluviómetro en MC en Cedacero, Rbla La Azohía",
      "municipio": "Cartagena",
      "codigo": "06A13P01",
      "mediciones": {
        "ultima_hora": 4.78800011,
        "ultimas_3h": 11.70400047,
        "ultimas_6h": 23.40800095,
        "ultimas_12h": 35.37799835,
        "ultimas_24h": 35.37799835
      },
      "coordenadas": {
        "x": 663554,
        "y": 4162150
      }
    }
  ]
}