{
  "timestamp": "2025-03-02 05:39:52",
  "estaciones": [
    {
      "nombre": "Pluviómetro en MC en Los Patojos, Rbla Benipila",
      "municipio": "Cartagena",
      "codigo": "06A11P01",
      "mediciones": {
        "ultima_hora": 1.89999998,
        "ultimas_3h": 4.30000019,
        "ultimas_6h": 11.10000038,
        "ultimas_12h": 31.39999962,
        "ultimas_24h": 99.19999695
      },
      "coordenadas": {
        "x": 675339,
        "y": 4165640
      }
    },
    {
      "nombre": "Pluviómetro en MC en Cedacero, Rbla La Azohía",
      "municipio": "Cartagena",
      "codigo": "06A13P01",
      "mediciones": {
        "ultima_hora": 0.53200001,
        "ultimas_3h": 6.38399982,
        "ultimas_6h": 16.49200058,
        "ultimas_12h": 33.25,
        "ultimas_24h": 104.80400085
      },
      "coordenadas": {
        "x": 663554,
        "y": 4162150
      }
    }
  ]
}