{
  "timestamp": "2025-03-02 04:22:03",
  "estaciones": [
    {
      "nombre": "Pluviómetro en MC en Los Patojos, Rbla Benipila",
      "municipio": "Cartagena",
      "codigo": "06A11P01",
      "mediciones": {
        "ultima_hora": 0.40000001,
        "ultimas_3h": 4.5,
        "ultimas_6h": 12.39999962,
        "ultimas_12h": 29.79999924,
        "ultimas_24h": 100.5
      },
      "coordenadas": {
        "x": 675339,
        "y": 4165640
      }
    },
    {
      "nombre": "Pluviómetro en MC en Cedacero, Rbla La Azohía",
      "municipio": "Cartagena",
      "codigo": "06A13P01",
      "mediciones": {
        "ultima_hora": 1.06400001,
        "ultimas_3h": 9.04399967,
        "ultimas_6h": 21.28000069,
        "ultimas_12h": 31.92000008,
        "ultimas_24h": 109.59200287
      },
      "coordenadas": {
        "x": 663554,
        "y": 4162150
      }
    }
  ]
}