{
  "timestamp": "2024-12-31 12:36:40",
  "estaciones": [
    {
      "nombre": "Pluviómetro en MC en Los Patojos, Rbla Benipila",
      "municipio": "Cartagena",
      "codigo": "06A11P01",
      "mediciones": {
        "ultima_hora": 4.19999981,
        "ultimas_3h": 5.0999999,
        "ultimas_6h": 5.0999999,
        "ultimas_12h": 14.69999981,
        "ultimas_24h": 61.59999847
      },
      "coordenadas": {
        "x": 675339,
        "y": 4165640
      }
    },
    {
      "nombre": "Pluviómetro en MC en Cedacero, Rbla La Azohía",
      "municipio": "Cartagena",
      "codigo": "06A13P01",
      "mediciones": {
        "ultima_hora": 3.72399998,
        "ultimas_3h": 3.72399998,
        "ultimas_6h": 3.72399998,
        "ultimas_12h": 6.38399982,
        "ultimas_24h": 14.89599991
      },
      "coordenadas": {
        "x": 663554,
        "y": 4162150
      }
    }
  ]
}